{
  "ENTRY_PLANE": 256,
  "BOARD_PLANE": 312,
  "DISK_DELTA_FROM_HOVER_Y": 36,
  "DISK_DELTA_FROM_HOVER_R": 36,
  "ARM_SPEED": 50,
  "red_puck_thickness": 10,
  "yellow_puck_thickness": 15,
  "angle_table": {
    "recovery": [
      -20,
      105,
      -145,
      145,
      -90,
      0
    ],
    "prepare": [
      0,
      105,
      -145,
      35,
      0,
      0
    ],
    "observe": [
      4.39,
      110.74,
      -123.31,
      96.41,
      0.08,
      -40.07
    ],
    "stack-apro-L": [
      120,
      4,
      302,
      -90,
      0,
      -90
    ],
    "stack-hover-red": [
      112.3,
      8.1,
      298.5,
      -89.6,
      -3.83,
      -93.7
    ],
    "stack-hover-L-pickup": [
      137.3,
      10.6,
      307.1,
      -89.96,
      0.17,
      -89.91
    ],
    "stack-apro-R": [
      120,
      -51,
      303,
      -90,
      0,
      -90
    ],
    "stack-apro-R-angles": [
      12.12,
      18.45,
      -113.29,
      93.33,
      -11.77,
      -0.26
    ],
    "stack-hover-ylw": [
      118,
      -57,
      303,
      -90,
      0,
      -90
    ],
    "stack-hover-ylw-pickup": [
      151.2,
      -56.7,
      299.4,
      -92.09,
      0.04,
      -89.74
    ],
    "stack-hover-ylw-start-1st": [
      151.2,
      -56.7,
      299.4,
      -92.09,
      0.04,
      -89.74
    ],
    "stack-hover-ylw-end-21st": [
      229.2,
      -56.7,
      305.4,
      -90,
      0,
      -90
    ],
    "handover-window": [
      -127.4,
      -203.0,
      257.1,
      -0.9,
      -0.43,
      -88.59
    ],
    "in-window": [
      -127.2,
      -202.8,
      306.9,
      -0.83,
      -0.37,
      -88.59
    ],
    "discard-puck": [
      113.7,
      105.9,
      218.5,
      -90.08,
      1.58,
      -90.78
    ],
    "stack-red-0": [
      [
        112.1,
        10.8,
        307.3,
        -89.83,
        -0.51,
        -90.7
      ],
      [
        134.5,
        10.3,
        307.3,
        -89.83,
        -0.51,
        -90.7
      ]
    ],
    "stack-red-20": [
      [
        112.9,
        1.6,
        298.4,
        -90.45,
        1.63,
        -93.51
      ],
      [
        130.8,
        1.8800000000000001,
        298.21999999999997,
        -90.45,
        1.63,
        -93.51
      ],
      [
        148.70000000000002,
        2.16,
        298.03999999999996,
        -90.45,
        1.63,
        -93.51
      ],
      [
        166.6,
        2.44,
        297.86,
        -90.45,
        1.63,
        -93.51
      ],
      [
        184.5,
        2.72,
        297.68,
        -90.45,
        1.63,
        -93.51
      ],
      [
        202.4,
        3.0,
        297.5,
        -90.45,
        1.63,
        -93.51
      ]
    ],
    "stack-red-2": [
      [
        112.4,
        9.3,
        308.1,
        -90.26,
        1.9,
        -90.62
      ],
      [
        125.8,
        9.05,
        308.0,
        -90.26,
        1.9,
        -90.62
      ],
      [
        139.2,
        8.8,
        307.9,
        -90.26,
        1.9,
        -90.62
      ]
    ],
    "stack-red-3": [
      [
        112.4,
        9.0,
        308.2,
        -90.27,
        1.73,
        -90.97
      ],
      [
        127.10000000000001,
        8.9,
        308.15,
        -90.27,
        1.73,
        -90.97
      ],
      [
        141.8,
        8.8,
        308.1,
        -90.27,
        1.73,
        -90.97
      ]
    ],
    "stack-red-4": [
      [
        112.5,
        8.8,
        308.2,
        -90.32,
        2.42,
        -90.71
      ],
      [
        123.7,
        8.700000000000001,
        308.2,
        -90.32,
        2.42,
        -90.71
      ],
      [
        134.9,
        8.6,
        308.2,
        -90.32,
        2.42,
        -90.71
      ],
      [
        146.1,
        8.5,
        308.2,
        -90.32,
        2.42,
        -90.71
      ]
    ],
    "stack-red-5": [
      [
        112.5,
        8.8,
        308.2,
        -90.32,
        2.42,
        -90.71
      ],
      [
        125.03333333333333,
        8.633333333333335,
        308.1666666666667,
        -90.32,
        2.42,
        -90.71
      ],
      [
        137.56666666666666,
        8.466666666666667,
        308.1333333333333,
        -90.32,
        2.42,
        -90.71
      ],
      [
        150.1,
        8.3,
        308.1,
        -90.32,
        2.42,
        -90.71
      ]
    ],
    "stack-red-6": [
      [
        112.5,
        8.8,
        308.2,
        -90.32,
        2.25,
        -90.71
      ],
      [
        126.66666666666667,
        8.5,
        307.8333333333333,
        -90.32,
        2.25,
        -90.71
      ],
      [
        140.83333333333334,
        8.200000000000001,
        307.4666666666667,
        -90.32,
        2.25,
        -90.71
      ],
      [
        155.0,
        7.9,
        307.1,
        -90.32,
        2.25,
        -90.71
      ]
    ],
    "stack-ylw-0": [
      [
        119.5,
        -56.9,
        300.7,
        -90.61,
        0.19,
        -90.0
      ],
      [
        132.0,
        -55.849999999999994,
        299.79999999999995,
        -90.61,
        0.19,
        -90.0
      ],
      [
        144.5,
        -54.8,
        298.9,
        -90.61,
        0.19,
        -90.0
      ]
    ],
    "stack-ylw-20": [
      [
        121.8,
        -57.2,
        299.1,
        -91.57,
        0.07,
        -90.44
      ],
      [
        139.28333333333333,
        -56.86666666666667,
        299.3,
        -91.57,
        0.07,
        -90.44
      ],
      [
        156.76666666666665,
        -56.53333333333334,
        299.5,
        -91.57,
        0.07,
        -90.44
      ],
      [
        174.25,
        -56.2,
        299.70000000000005,
        -91.57,
        0.07,
        -90.44
      ],
      [
        191.73333333333332,
        -55.86666666666667,
        299.90000000000003,
        -91.57,
        0.07,
        -90.44
      ],
      [
        209.21666666666667,
        -55.53333333333334,
        300.1,
        -91.57,
        0.07,
        -90.44
      ],
      [
        226.7,
        -55.2,
        300.3,
        -91.57,
        0.07,
        -90.44
      ]
    ]
  },
  "chess_table": [
    [
      -183.7,
      -149.4,
      230.6,
      -0.32,
      -0.13,
      -90.17
    ],
    [
      -185.5,
      -101.4,
      258.6,
      -0.84,
      -0.25,
      -90.17
    ],
    [
      -192.0,
      -53.7,
      259.4,
      -1.4,
      -0.02,
      -90.61
    ],
    [
      -192.9,
      -4.0,
      259.4,
      -1.42,
      0.44,
      -91.06
    ],
    [
      -195.8,
      43.0,
      230.0,
      -0.98,
      0.57,
      -91.05
    ],
    [
      -199.5,
      95.5,
      230.6,
      -0.42,
      0.71,
      -91.67
    ],
    [
      -204.3,
      147.6,
      230.6,
      -0.48,
      1.21,
      -92.11
    ]
  ],
  "drop_table": [
    [
      -184.5,
      -156.4,
      306.9,
      -0.83,
      -0.29,
      -90.35
    ],
    [
      -185.9,
      -102.2,
      309.3,
      -1.12,
      -0.22,
      -90.17
    ],
    [
      -190.4,
      -53.9,
      306.4,
      -1.49,
      0.06,
      -90.61
    ],
    [
      -188.0,
      -5.6,
      308.7,
      -1.67,
      0.52,
      -91.06
    ],
    [
      -194.2,
      40.7,
      308.3,
      -0.99,
      0.56,
      -91.32
    ],
    [
      -197.3,
      93.4,
      308.8,
      -0.69,
      0.94,
      -91.67
    ],
    [
      -197.0,
      143.8,
      307.8,
      -0.12,
      0.82,
      -92.11
    ]
  ]
}